time,linear_x,linear_y,angular_z
1738607104.7615452,-0.0,-0.0,-0.0
1738607104.7679434,-0.0,-0.0,-0.0
1738607104.787727,-0.0,-0.0,-0.0
1738607104.7982528,-0.0,-0.0,-0.0
1738607104.8177066,-0.0,-0.0,-0.0
1738607104.838131,-0.0,-0.0,-0.0
1738607104.8585725,-0.0,-0.0,-0.0
1738607104.869603,-0.0,-0.0,-0.0
1738607104.8885214,-0.0,-0.0,-0.0
1738607104.8995605,-0.0,-0.0,-0.0
1738607104.910145,-0.0,-0.0,-0.0
1738607104.9296844,-0.0,-0.0,-0.0
1738607104.9499705,-0.0,-0.0,-0.0
1738607104.9696486,-0.0,-0.0,-0.0
1738607104.9823806,-0.0,-0.0,-0.0
1738607104.9986238,-0.0,-0.0,-0.0
1738607105.014946,-0.0,-0.0,-0.0
1738607105.0298948,-0.0,-0.00012163805076852441,-0.0
1738607105.0385983,-0.0,-0.05966760516166687,-0.0
1738607105.046071,-0.0,-0.09852203130722047,-0.0
1738607105.0547438,-0.0,-0.09999999403953552,-0.0
1738607105.071202,-0.0,-0.09999999403953552,-0.0
1738607105.0870335,-0.0,-0.09999999403953552,-0.0
1738607105.1020596,-0.0,-0.09999999403953552,-0.0
1738607105.1212933,-0.0,-0.09999999403953552,-0.0
1738607105.1321573,-0.0,-0.09999999403953552,-0.0
1738607105.150583,-0.0,-0.09999999403953552,-0.0
1738607105.1665924,-0.0,-0.09999999403953552,-0.0
1738607105.1827097,-0.0,-0.09999999403953552,-0.0
1738607105.1983833,-0.0,-0.09999999403953552,-0.0
1738607105.214512,-0.0,-0.09999999403953552,-0.0
1738607105.230463,-0.0,-0.09999999403953552,-0.0
1738607105.246882,-0.0,-0.09999999403953552,-0.0
1738607105.2629614,-0.0,-0.09999999403953552,-0.0
1738607105.2782712,-0.0,-0.09999999403953552,-0.0
1738607105.2946925,-0.0,-0.09999999403953552,-0.0
1738607105.3137095,-0.0,-0.09999999403953552,-0.0
1738607105.3242648,-0.0,-0.09999999403953552,-0.0
1738607105.3444626,-0.0,-0.09999999403953552,-0.0
1738607105.3548825,-0.0,-0.09999999403953552,-0.0
1738607105.365843,-0.0,-0.09999999403953552,-0.0
1738607105.3763666,-0.0,-0.09999999403953552,-0.0
1738607105.3959773,-0.0,-0.09999999403953552,-0.0
1738607105.4066782,-0.0,-0.09999999403953552,-0.0
1738607105.4168847,-0.0,-0.09999999403953552,-0.0
1738607105.4275634,-0.0,-0.09999999403953552,-0.0
1738607105.4472466,-0.0,-0.09999999403953552,-0.0
1738607105.457903,-0.0,-0.09999999403953552,-0.0
1738607105.4683788,-0.0,-0.09999999403953552,-0.0
1738607105.4876494,-0.0,-0.09999999403953552,-0.0
1738607105.4988172,-0.0,-0.09999999403953552,-0.0
1738607105.518141,-0.0,-0.09999999403953552,-0.0
1738607105.5286636,-0.0,-0.09999999403953552,-0.0
1738607105.5395029,-0.0,-0.09999999403953552,-0.0
1738607105.559092,-0.0,-0.09999999403953552,-0.0
1738607105.570005,-0.0,-0.09999999403953552,-0.0
1738607105.5889654,-0.0,-0.09999999403953552,-0.0
1738607105.5998933,-0.0,-0.09999999403953552,-0.0
1738607105.610151,-0.0,-0.09999999403953552,-0.0
1738607105.6309617,-0.0,-0.09999999403953552,-0.0
1738607105.6412804,-0.0,-0.09999999403953552,-0.0
1738607105.660904,-0.0,-0.09999999403953552,-0.0
1738607105.671649,-0.0,-0.09999999403953552,-0.0
1738607105.6908238,-0.0,-0.09999999403953552,-0.0
1738607105.7016137,-0.0,-0.09999999403953552,-0.0
1738607105.7125738,-0.0,-0.09999999403953552,-0.0
1738607105.731769,-0.0,-0.09999999403953552,-0.0
1738607105.7425504,-0.0,-0.09999999403953552,-0.0
1738607105.7622411,-0.0,-0.09999999403953552,-0.0
1738607105.772629,-0.0,-0.09999999403953552,-0.0
1738607105.7922506,-0.0,-0.09999999403953552,-0.0
1738607105.80205,-0.0,-0.09999999403953552,-0.0
1738607105.8223803,-0.0,-0.09999999403953552,-0.0
1738607105.84179,-0.0,-0.09999999403953552,-0.0
1738607105.8537085,-0.0,-0.09999999403953552,-0.0
1738607105.8732529,-0.0,-0.09999999403953552,-0.0
1738607105.884214,-0.0,-0.09999999403953552,-0.0
1738607105.8949254,-0.0,-0.09999999403953552,-0.0
1738607105.9139996,-0.0,-0.09999999403953552,-0.0
1738607105.9247081,-0.0,-0.09999999403953552,-0.0
1738607105.9439301,-0.0,-0.09999999403953552,-0.0
1738607105.9550626,-0.0,-0.09999999403953552,-0.0
1738607105.9741452,-0.0,-0.09999999403953552,-0.0
1738607105.9846456,-0.0,-0.09999999403953552,-0.0
1738607105.9959142,-0.0,-0.09999999403953552,-0.0
1738607106.015075,-0.0,-0.09999999403953552,-0.0
1738607106.0255682,-0.0,-0.09999999403953552,-0.0
1738607106.045063,-0.0,-0.09999999403953552,-0.0
1738607106.0556452,-0.0,-0.09999999403953552,-0.0
1738607106.0749667,-0.0,-0.09999999403953552,-0.0
1738607106.0861182,-0.0,-0.09999999403953552,-0.0
1738607106.0967815,-0.0,-0.09999999403953552,-0.0
1738607106.1163409,-0.0,-0.09999999403953552,-0.0
1738607106.1365597,-0.0,-0.09999999403953552,-0.0
1738607106.1547353,-0.0,-0.09999999403953552,-0.0
1738607106.1659343,-0.0,-0.09999999403953552,-0.0
1738607106.1850836,-0.0,-0.09999999403953552,-0.0
1738607106.19617,-0.0,-0.09999999403953552,-0.0
1738607106.206796,-0.0,-0.09999999403953552,-0.0
1738607106.2259083,-0.0,-0.09999999403953552,-0.0
1738607106.2368987,-0.0,-0.09999999403953552,-0.0
1738607106.247837,-0.0,-0.09999999403953552,-0.0
1738607106.2671344,-0.0,-0.09999999403953552,-0.0
1738607106.277677,-0.0,-0.09999999403953552,-0.0
1738607106.297579,-0.0,-0.09999999403953552,-0.0
1738607106.3179517,-0.0,-0.09999999403953552,-0.0
1738607106.337372,-0.0,-0.09999999403953552,-0.0
1738607106.3480425,-0.0,-0.09999999403953552,-0.0
1738607106.358885,-0.0,-0.09999999403953552,-0.0
1738607106.3784797,-0.0,-0.09999999403953552,-0.0
1738607106.389098,-0.0,-0.09999999403953552,-0.0
1738607106.399837,-0.0,-0.09999999403953552,-0.0
1738607106.418983,-0.0,-0.09999999403953552,-0.0
1738607106.4298985,-0.0,-0.09999999403953552,-0.0
1738607106.449286,-0.0,-0.09999999403953552,-0.0
1738607106.4600651,-0.0,-0.09999999403953552,-0.0
1738607106.470861,-0.0,-0.09999999403953552,-0.0
1738607106.4905615,-0.0,-0.09999999403953552,-0.0
1738607106.5010123,-0.0,-0.09999999403953552,-0.0
1738607106.5115874,-0.0,-0.09999999403953552,-0.0
1738607106.5308971,-0.0,-0.09999999403953552,-0.0
1738607106.5419319,-0.0,-0.09999999403953552,-0.0
1738607106.5612886,-0.0,-0.09999999403953552,-0.0
1738607106.5720527,-0.0,-0.09999999403953552,-0.0
1738607106.5828307,-0.0,-0.09999999403953552,-0.0
1738607106.6021152,-0.0,-0.09999999403953552,-0.0
1738607106.613309,-0.0,-0.09999999403953552,-0.0
1738607106.6324818,-0.0,-0.09999999403953552,-0.0
1738607106.643312,-0.0,-0.09999999403953552,-0.0
1738607106.654435,-0.0,-0.09999999403953552,-0.0
1738607106.6734724,-0.0,-0.09999999403953552,-0.0
1738607106.684048,-0.0,-0.09999999403953552,-0.0
1738607106.6948104,-0.0,-0.09999999403953552,-0.0
1738607106.7145667,-0.0,-0.09999999403953552,-0.0
1738607106.7248816,-0.0,-0.09999999403953552,-0.0
1738607106.7356198,-0.0,-0.09999999403953552,-0.0
1738607106.755376,-0.0,-0.09999999403953552,-0.0
1738607106.7660377,-0.0,-0.09999999403953552,-0.0
1738607106.785379,-0.0,-0.09999999403953552,-0.0
1738607106.7966313,-0.0,-0.09999999403953552,-0.0
1738607106.807122,-0.0,-0.09999999403953552,-0.0
1738607106.8264303,-0.0,-0.09999999403953552,-0.0
1738607106.8371725,-0.0,-0.09999999403953552,-0.0
1738607106.8479266,-0.0,-0.09999999403953552,-0.0
1738607106.8586903,-0.0,-0.09999999403953552,-0.0
1738607106.8793025,-0.0,-0.09999999403953552,-0.0
1738607106.8987074,-0.0,-0.09999999403953552,-0.0
1738607106.9189086,-0.0,-0.09999999403953552,-0.0
1738607106.9384866,-0.0,-0.09999999403953552,-0.0
1738607106.9491055,-0.0,-0.09999999403953552,-0.0
1738607106.9685297,-0.0,-0.09999999403953552,-0.0
1738607106.9792922,-0.0,-0.09999999403953552,-0.0
1738607106.998817,-0.0,-0.09999999403953552,-0.0
1738607107.0093462,-0.0,-0.09999999403953552,-0.0
1738607107.020257,-0.0,-0.09999999403953552,-0.0
1738607107.0397992,-0.0,-0.09999999403953552,-0.0
1738607107.0504613,-0.0,-0.09999999403953552,-0.0
1738607107.0610068,-0.0,-0.09999999403953552,-0.0
1738607107.0805266,-0.0,-0.09999999403953552,-0.0
1738607107.0912726,-0.0,-0.09999999403953552,-0.0
1738607107.110403,-0.0,-0.09999999403953552,-0.0
1738607107.1213615,-0.0,-0.09999999403953552,-0.0
1738607107.1318018,-0.0,-0.09999999403953552,-0.0
1738607107.1513233,-0.0,-0.09999999403953552,-0.0
1738607107.1618924,-0.0,-0.09999999403953552,-0.0
1738607107.1816158,-0.0,-0.09999999403953552,-0.0
1738607107.1924307,-0.0,-0.09999999403953552,-0.0
1738607107.2117808,-0.0,-0.09999999403953552,-0.0
1738607107.2221339,-0.0,-0.09999999403953552,-0.0
1738607107.2331152,-0.0,-0.09999999403953552,-0.0
1738607107.2522297,-0.0,-0.09999999403953552,-0.0
1738607107.2633176,-0.0,-0.09999999403953552,-0.0
1738607107.282864,-0.0,-0.09999999403953552,-0.0
1738607107.2933106,-0.0,-0.09999999403953552,-0.0
1738607107.3042793,-0.0,-0.09999999403953552,-0.0
1738607107.3233674,-0.0,-0.09999999403953552,-0.0
1738607107.3342292,-0.0,-0.09999999403953552,-0.0
1738607107.3536108,-0.0,-0.09999999403953552,-0.0
1738607107.3640409,-0.0,-0.09999999403953552,-0.0
1738607107.3839061,-0.0,-0.09999999403953552,-0.0
1738607107.3942513,-0.0,-0.09999999403953552,-0.0
1738607107.4053466,-0.0,-0.09999999403953552,-0.0
1738607107.4245021,-0.0,-0.09999999403953552,-0.0
1738607107.435264,-0.0,-0.09999999403953552,-0.0
1738607107.4546955,-0.0,-0.09999999403953552,-0.0
1738607107.465409,-0.0,-0.09999999403953552,-0.0
1738607107.476379,-0.0,-0.09999999403953552,-0.0
1738607107.4957972,-0.0,-0.09999999403953552,-0.0
1738607107.5064251,-0.0,-0.09999999403953552,-0.0
1738607107.5256898,-0.0,-0.09999999403953552,-0.0
1738607107.5366359,-0.0,-0.09999999403953552,-0.0
1738607107.5471263,-0.0,-0.09999999403953552,-0.0
1738607107.5667703,-0.0,-0.09999999403953552,-0.0
1738607107.577222,-0.0,-0.09999999403953552,-0.0
1738607107.5967646,-0.0,-0.09999999403953552,-0.0
1738607107.6076736,-0.0,-0.09999999403953552,-0.0
1738607107.626968,-0.0,-0.09999999403953552,-0.0
1738607107.6376998,-0.0,-0.09999999403953552,-0.0
1738607107.6486187,-0.0,-0.09999999403953552,-0.0
1738607107.66735,-0.0,-0.09999999403953552,-0.0
1738607107.6786425,-0.0,-0.09999999403953552,-0.0
1738607107.6978657,-0.0,-0.09999999403953552,-0.0
1738607107.708435,-0.0,-0.09999999403953552,-0.0
1738607107.7190075,-0.0,-0.09999999403953552,-0.0
1738607107.7387593,-0.0,-0.09999999403953552,-0.0
1738607107.749286,-0.0,-0.09999999403953552,-0.0
1738607107.7686856,-0.0,-0.09999999403953552,-0.0
1738607107.7794178,-0.0,-0.09999999403953552,-0.0
1738607107.7901027,-0.0,-0.09999999403953552,-0.0
1738607107.8096285,-0.0,-0.09999999403953552,-0.0
1738607107.8205473,-0.0,-0.09999999403953552,-0.0
1738607107.8399827,-0.0,-0.09999999403953552,-0.0
1738607107.8514779,-0.0,-0.09999999403953552,-0.0
1738607107.8709395,-0.0,-0.09999999403953552,-0.0
1738607107.8819518,-0.0,-0.09999999403953552,-0.0
1738607107.8924239,-0.0,-0.09999999403953552,-0.0
1738607107.9121404,-0.0,-0.09999999403953552,-0.0
1738607107.9222338,-0.0,-0.09999999403953552,-0.0
1738607107.9417481,-0.0,-0.09999999403953552,-0.0
1738607107.9523547,-0.0,-0.09999999403953552,-0.0
1738607107.963241,-0.0,-0.09999999403953552,-0.0
1738607107.9826581,-0.0,-0.09999999403953552,-0.0
1738607107.9936237,-0.0,-0.09999999403953552,-0.0
1738607108.0128593,-0.0,-0.09999999403953552,-0.0
1738607108.0336068,-0.0,-0.09999999403953552,-0.0
1738607108.0527494,-0.0,-0.09999999403953552,-0.0
1738607108.0634575,-0.0,-0.09999999403953552,-0.0
1738607108.0827215,-0.0,-0.09999999403953552,-0.0
1738607108.0937383,-0.0,-0.09999999403953552,-0.0
1738607108.1044793,-0.0,-0.09999999403953552,-0.0
1738607108.1235719,-0.0,-0.09999999403953552,-0.0
1738607108.1345406,-0.0,-0.09999999403953552,-0.0
1738607108.1528404,-0.0,-0.09999999403953552,-0.0
1738607108.1637514,-0.0,-0.09999999403953552,-0.0
1738607108.1832457,-0.0,-0.09999999403953552,-0.0
1738607108.204084,-0.0,-0.09999999403953552,-0.0
1738607108.2226262,-0.0,-0.09999999403953552,-0.0
1738607108.2335818,-0.0,-0.09999999403953552,-0.0
1738607108.2532327,-0.0,-0.09999999403953552,-0.0
1738607108.2738423,-0.0,-0.09999999403953552,-0.0
1738607108.2931578,-0.0,-0.09999999403953552,-0.0
1738607108.3042874,-0.0,-0.09999999403953552,-0.0
1738607108.3146448,-0.0,-0.09999999403953552,-0.0
1738607108.3341591,-0.0,-0.09999999403953552,-0.0
1738607108.3445528,-0.0,-0.09999999403953552,-0.0
1738607108.3641665,-0.0,-0.09999999403953552,-0.0
1738607108.374624,-0.0,-0.09999999403953552,-0.0
1738607108.3940685,-0.0,-0.09999999403953552,-0.0
1738607108.4047923,-0.0,-0.09999999403953552,-0.0
1738607108.4237907,-0.0,-0.09999999403953552,-0.0
1738607108.4350526,-0.0,-0.09999999403953552,-0.0
1738607108.445802,-0.0,-0.09999999403953552,-0.0
1738607108.465206,-0.0,-0.09999999403953552,-0.0
1738607108.4759593,-0.0,-0.09999999403953552,-0.0
1738607108.494899,-0.0,-0.09999999403953552,-0.0
1738607108.5058038,-0.0,-0.09999999403953552,-0.0
1738607108.5166094,-0.0,-0.09999999403953552,-0.0
1738607108.5362914,-0.0,-0.09999999403953552,-0.0
1738607108.5567443,-0.0,-0.09999999403953552,-0.0
1738607108.5756829,-0.0,-0.09999999403953552,-0.0
1738607108.5868583,-0.0,-0.09999999403953552,-0.0
1738607108.606245,-0.0,-0.09999999403953552,-0.0
1738607108.617016,-0.0,-0.09999999403953552,-0.0
1738607108.636109,-0.0,-0.09999999403953552,-0.0
1738607108.646897,-0.0,-0.09999999403953552,-0.0
1738607108.657776,-0.0,-0.09999999403953552,-0.0
1738607108.677103,-0.0,-0.09999999403953552,-0.0
1738607108.687325,-0.0,-0.09999999403953552,-0.0
1738607108.7080882,-0.0,-0.09999999403953552,-0.0
1738607108.7191255,-0.0,-0.09999999403953552,-0.0
1738607108.7382638,-0.0,-0.09999999403953552,-0.0
1738607108.7491546,-0.0,-0.09999999403953552,-0.0
1738607108.7600977,-0.0,-0.09999999403953552,-0.0
1738607108.7789662,-0.0,-0.09999999403953552,-0.0
1738607108.790156,-0.0,-0.09999999403953552,-0.0
1738607108.8090317,-0.0,-0.09999999403953552,-0.0
1738607108.8199506,-0.0,-0.09999999403953552,-0.0
1738607108.839282,-0.0,-0.09999999403953552,-0.0
1738607108.8503532,-0.0,-0.09999999403953552,-0.0
1738607108.860499,-0.0,-0.09999999403953552,-0.0
1738607108.8802469,-0.0,-0.09999999403953552,-0.0
1738607108.8906755,-0.0,-0.09999999403953552,-0.0
1738607108.9104986,-0.0,-0.09999999403953552,-0.0
1738607108.9212017,-0.0,-0.09999999403953552,-0.0
1738607108.9319205,-0.0,-0.09999999403953552,-0.0
1738607108.9515932,-0.0,-0.09999999403953552,-0.0
1738607108.971992,-0.0,-0.09999999403953552,-0.0
1738607108.986074,-0.0,-0.09999999403953552,-0.0
1738607108.9973083,-0.0,-0.09999999403953552,-0.0
1738607109.0079443,-0.0,-0.09999999403953552,-0.0
1738607109.026824,-0.0,-0.09999999403953552,-0.0
1738607109.0381377,-0.0,-0.09999999403953552,-0.0
1738607109.0574448,-0.0,-0.09999999403953552,-0.0
1738607109.0679834,-0.0,-0.09999999403953552,-0.0
1738607109.0875542,-0.0,-0.09999999403953552,-0.0
1738607109.0983753,-0.0,-0.09999999403953552,-0.0
1738607109.109091,-0.0,-0.09999999403953552,-0.0
1738607109.1279385,-0.0,-0.09999999403953552,-0.0
1738607109.1392448,-0.0,-0.09999999403953552,-0.0
1738607109.1571476,-0.0,-0.09999999403953552,-0.0
1738607109.1679242,-0.0,-0.09999999403953552,-0.0
1738607109.178631,-0.0,-0.09999999403953552,-0.0
1738607109.1984072,-0.0,-0.09999999403953552,-0.0
1738607109.2090654,-0.0,-0.09999999403953552,-0.0
1738607109.2198937,-0.0,-0.09999999403953552,-0.0
1738607109.2308,-0.0,-0.09999999403953552,-0.0
1738607109.2503479,-0.0,-0.09999999403953552,-0.0
1738607109.2608547,-0.0,-0.09999999403953552,-0.0
1738607109.2719781,-0.0,-0.09999999403953552,-0.0
1738607109.2913232,-0.0,-0.09999999403953552,-0.0
1738607109.301977,-0.0,-0.09999999403953552,-0.0
1738607109.3219442,-0.0,-0.09999999403953552,-0.0
1738607109.3320396,-0.0,-0.09999999403953552,-0.0
1738607109.3517153,-0.0,-0.09999999403953552,-0.0
1738607109.372134,-0.0,-0.09999999403953552,-0.0
1738607109.3912075,-0.0,-0.09999999403953552,-0.0
1738607109.4019985,-0.0,-0.09999999403953552,-0.0
1738607109.413127,-0.0,-0.09999999403953552,-0.0
1738607109.4325223,-0.0,-0.09999999403953552,-0.0
1738607109.4433496,-0.0,-0.09999999403953552,-0.0
1738607109.4537218,-0.0,-0.09999999403953552,-0.0
1738607109.4734206,-0.0,-0.09999999403953552,-0.0
1738607109.4840076,-0.0,-0.09999999403953552,-0.0
1738607109.5031912,-0.0,-0.09999999403953552,-0.0
1738607109.514245,-0.0,-0.09999999403953552,-0.0
1738607109.5339532,-0.0,-0.09999999403953552,-0.0
1738607109.5444212,-0.0,-0.09999999403953552,-0.0
1738607109.5550106,-0.0,-0.09999999403953552,-0.0
1738607109.5746038,-0.0,-0.09999999403953552,-0.0
1738607109.5854685,-0.0,-0.09999999403953552,-0.0
1738607109.5962224,-0.0,-0.09999999403953552,-0.0
1738607109.6154084,-0.0,-0.09999999403953552,-0.0
1738607109.6259303,-0.0,-0.09999999403953552,-0.0
1738607109.645976,-0.0,-0.09999999403953552,-0.0
1738607109.6660254,-0.0,-0.09999999403953552,-0.0
1738607109.6855621,-0.0,-0.09999999403953552,-0.0
1738607109.6960058,-0.0,-0.09999999403953552,-0.0
1738607109.7067397,-0.0,-0.09999999403953552,-0.0
1738607109.7262416,-0.0,-0.09999999403953552,-0.0
1738607109.7369578,-0.0,-0.09999999403953552,-0.0
1738607109.7566555,-0.0,-0.09999999403953552,-0.0
1738607109.767311,-0.0,-0.09999999403953552,-0.0
1738607109.7780042,-0.0,-0.09999999403953552,-0.0
1738607109.7974787,-0.0,-0.09999999403953552,-0.0
1738607109.8082309,-0.0,-0.09999999403953552,-0.0
1738607109.8274462,-0.0,-0.09999999403953552,-0.0
1738607109.8383837,-0.0,-0.09999999403953552,-0.0
1738607109.8490915,-0.0,-0.09999999403953552,-0.0
1738607109.860362,-0.0,-0.09999999403953552,-0.0
1738607109.88071,-0.0,-0.09999999403953552,-0.0
1738607109.8910155,-0.0,-0.09999999403953552,-0.0
1738607109.9109132,-0.0,-0.09999999403953552,-0.0
1738607109.9312801,-0.0,-0.09999999403953552,-0.0
1738607109.9422524,-0.0,-0.09999999403953552,-0.0
1738607109.9617827,-0.0,-0.09999999403953552,-0.0
1738607109.972122,-0.0,-0.09999999403953552,-0.0
1738607109.9919314,-0.0,-0.09999999403953552,-0.0
1738607110.0121465,-0.0,-0.09999999403953552,-0.0
1738607110.031619,-0.0,-0.09999999403953552,-0.0
1738607110.04238,-0.0,-0.09999999403953552,-0.0
1738607110.0614958,-0.0,-0.09999999403953552,-0.0
1738607110.0722198,-0.0,-0.09999999403953552,-0.0
1738607110.0916293,-0.0,-0.09999999403953552,-0.0
1738607110.1023374,-0.0,-0.09999999403953552,-0.0
1738607110.1131256,-0.0,-0.09999999403953552,-0.0
1738607110.1325073,-0.0,-0.09999999403953552,-0.0
1738607110.1524036,-0.0,-0.09999999403953552,-0.0
1738607110.1722589,-0.0,-0.09999999403953552,-0.0
1738607110.1920197,-0.0,-0.09999999403953552,-0.0
1738607110.2126398,-0.0,-0.09999999403953552,-0.0
1738607110.2228904,-0.0,-0.09999999403953552,-0.0
1738607110.2435207,-0.0,-0.09999999403953552,-0.0
1738607110.262862,-0.0,-0.09999999403953552,-0.0
1738607110.2738273,-0.0,-0.09999999403953552,-0.0
1738607110.2846732,-0.0,-0.09999999403953552,-0.0
1738607110.3049092,-0.0,-0.09999999403953552,-0.0
1738607110.315281,-0.0,-0.09999999403953552,-0.0
1738607110.334633,-0.0,-0.09999999403953552,-0.0
1738607110.3457391,-0.0,-0.09999999403953552,-0.0
1738607110.3649664,-0.0,-0.09999999403953552,-0.0
1738607110.3758388,-0.0,-0.09999999403953552,-0.0
1738607110.386434,-0.0,-0.09999999403953552,-0.0
1738607110.39743,-0.0,-0.09999999403953552,-0.0
1738607110.416826,-0.0,-0.09999999403953552,-0.0
1738607110.4274578,-0.0,-0.09999999403953552,-0.0
1738607110.4469726,-0.0,-0.09999999403953552,-0.0
1738607110.4580107,-0.0,-0.09999999403953552,-0.0
1738607110.4683595,-0.0,-0.09999999403953552,-0.0
1738607110.4879963,-0.0,-0.09999999403953552,-0.0
1738607110.4988077,-0.0,-0.09999999403953552,-0.0
1738607110.509636,-0.0,-0.09999999403953552,-0.0
1738607110.5285654,-0.0,-0.09999999403953552,-0.0
1738607110.5393777,-0.0,-0.09999999403953552,-0.0
1738607110.5591438,-0.0,-0.09999999403953552,-0.0
1738607110.569847,-0.0,-0.09999999403953552,-0.0
1738607110.5801246,-0.0,-0.09999999403953552,-0.0
1738607110.5998576,-0.0,-0.09999999403953552,-0.0
1738607110.610647,-0.0,-0.09999999403953552,-0.0
1738607110.6300797,-0.0,-0.09999999403953552,-0.0
1738607110.65069,-0.0,-0.09999999403953552,-0.0
1738607110.6698282,-0.0,-0.09999999403953552,-0.0
1738607110.6906734,-0.0,-0.09999999403953552,-0.0
1738607110.710233,-0.0,-0.09999999403953552,-0.0
1738607110.7205236,-0.0,-0.09999999403953552,-0.0
1738607110.7317183,-0.0,-0.09999999403953552,-0.0
1738607110.7505476,-0.0,-0.09999999403953552,-0.0
1738607110.7616804,-0.0,-0.09999999403953552,-0.0
1738607110.7810118,-0.0,-0.09999999403953552,-0.0
1738607110.7917845,-0.0,-0.09999999403953552,-0.0
1738607110.8111012,-0.0,-0.09999999403953552,-0.0
1738607110.8314383,-0.0,-0.09999999403953552,-0.0
1738607110.852017,-0.0,-0.09999999403953552,-0.0
1738607110.862934,-0.0,-0.09999999403953552,-0.0
1738607110.8735793,-0.0,-0.09999999403953552,-0.0
1738607110.893058,-0.0,-0.09999999403953552,-0.0
1738607110.9034443,-0.0,-0.09999999403953552,-0.0
1738607110.9226995,-0.0,-0.09999999403953552,-0.0
1738607110.93367,-0.0,-0.09999999403953552,-0.0
1738607110.952935,-0.0,-0.09999999403953552,-0.0
1738607110.963789,-0.0,-0.09999999403953552,-0.0
1738607110.9746568,-0.0,-0.09999999403953552,-0.0
1738607110.9941084,-0.0,-0.09999999403953552,-0.0
1738607111.0048232,-0.0,-0.09999999403953552,-0.0
1738607111.0237153,-0.0,-0.09999999403953552,-0.0
1738607111.034749,-0.0,-0.09999999403953552,-0.0
1738607111.0452564,-0.0,-0.09999999403953552,-0.0
1738607111.0651433,-0.0,-0.09999999403953552,-0.0
1738607111.0758524,-0.0,-0.09999999403953552,-0.0
1738607111.0896206,-0.0,-0.09999999403953552,-0.0
1738607111.1048245,-0.0,-0.09999999403953552,-0.0
1738607111.1208603,-0.0,-0.09999999403953552,-0.0
1738607111.1369412,-0.0,-0.09999999403953552,-0.0
1738607111.1530209,-0.0,-0.09999999403953552,-0.0
1738607111.1681302,-0.0,-0.09999999403953552,-0.0
1738607111.1843362,-0.0,-0.09999999403953552,-0.0
1738607111.2003393,-0.0,-0.09999999403953552,-0.0
1738607111.216489,-0.0,-0.09999999403953552,-0.0
1738607111.232715,-0.0,-0.09999999403953552,-0.0
1738607111.2490225,-0.0,-0.09999999403953552,-0.0
1738607111.2651145,-0.0,-0.09999999403953552,-0.0
1738607111.2811272,-0.0,-0.09999999403953552,-0.0
1738607111.2972467,-0.0,-0.09999999403953552,-0.0
1738607111.312023,-0.0,-0.09999999403953552,-0.0
1738607111.3316288,-0.0,-0.09999999403953552,-0.0
1738607111.351191,-0.0,-0.09999999403953552,-0.0
1738607111.3638818,-0.0,-0.09999999403953552,-0.0
1738607111.37525,-0.0,-0.09999999403953552,-0.0
1738607111.3876433,-0.0,-0.09999999403953552,-0.0
1738607111.407264,-0.0,-0.09999999403953552,-0.0
1738607111.4182072,-0.0,-0.09999999403953552,-0.0
1738607111.4285114,-0.0,-0.09999999403953552,-0.0
1738607111.447961,-0.0,-0.09999999403953552,-0.0
1738607111.4588833,-0.0,-0.09999999403953552,-0.0
1738607111.4782822,-0.0,-0.09999999403953552,-0.0
1738607111.4893343,-0.0,-0.09999999403953552,-0.0
1738607111.4996514,-0.0,-0.09999999403953552,-0.0
1738607111.5201578,-0.0,-0.09999999403953552,-0.0
1738607111.5306838,-0.0,-0.09999999403953552,-0.0
1738607111.5501394,-0.0,-0.09999999403953552,-0.0
1738607111.5608516,-0.0,-0.09999999403953552,-0.0
1738607111.580141,-0.0,-0.09999999403953552,-0.0
1738607111.5912106,-0.0,-0.09999999403953552,-0.0
1738607111.601925,-0.0,-0.09999999403953552,-0.0
1738607111.6209178,-0.0,-0.09999999403953552,-0.0
1738607111.631678,-0.0,-0.09999999403953552,-0.0
1738607111.651273,-0.0,-0.09999999403953552,-0.0
1738607111.6619833,-0.0,-0.09999999403953552,-0.0
1738607111.6813183,-0.0,-0.09999999403953552,-0.0
1738607111.7019594,-0.0,-0.09999999403953552,-0.0
1738607111.720929,-0.0,-0.09999999403953552,-0.0
1738607111.7318885,-0.0,-0.09999999403953552,-0.0
1738607111.742809,-0.0,-0.09999999403953552,-0.0
1738607111.7618682,-0.0,-0.09999999403953552,-0.0
1738607111.7727633,-0.0,-0.09999999403953552,-0.0
1738607111.792527,-0.0,-0.09999999403953552,-0.0
1738607111.8031614,-0.0,-0.09999999403953552,-0.0
1738607111.8230546,-0.0,-0.09999999403953552,-0.0
1738607111.8330238,-0.0,-0.09999999403953552,-0.0
1738607111.8443527,-0.0,-0.09999999403953552,-0.0
1738607111.8544323,-0.0,-0.09999999403953552,-0.0
1738607111.8751867,-0.0,-0.09999999403953552,-0.0
1738607111.8864977,-0.0,-0.09999999403953552,-0.0
1738607111.9054346,-0.0,-0.09999999403953552,-0.0
1738607111.9163167,-0.0,-0.09999999403953552,-0.0
1738607111.9355996,-0.0,-0.09999999403953552,-0.0
1738607111.9463494,-0.0,-0.09999999403953552,-0.0
1738607111.9566987,-0.0,-0.09999999403953552,-0.0
1738607111.976504,-0.0,-0.09999999403953552,-0.0
1738607111.9869466,-0.0,-0.09999999403953552,-0.0
1738607111.9978693,-0.0,-0.09999999403953552,-0.0
1738607112.012146,-0.0,-0.09999999403953552,-0.0
1738607112.0314696,-0.0,-0.09999999403953552,-0.0
1738607112.0520453,-0.0,-0.09999999403953552,-0.0
1738607112.0712168,-0.0,-0.09999999403953552,-0.0
1738607112.0816355,-0.0,-0.09999999403953552,-0.0
1738607112.101305,-0.0,-0.09999999403953552,-0.0
1738607112.1117432,-0.0,-0.09999999403953552,-0.0
1738607112.1312609,-0.0,-0.09999999403953552,-0.0
1738607112.1424463,-0.0,-0.09999999403953552,-0.0
1738607112.1531892,-0.0,-0.09999999403953552,-0.0
1738607112.172488,-0.0,-0.09999999403953552,-0.0
1738607112.183261,-0.0,-0.09999999403953552,-0.0
1738607112.2025793,-0.0,-0.09999999403953552,-0.0
1738607112.2232296,-0.0,-0.09999999403953552,-0.0
1738607112.2339907,-0.0,-0.09999999403953552,-0.0
1738607112.253589,-0.0,-0.09999999403953552,-0.0
1738607112.2644775,-0.0,-0.09999999403953552,-0.0
1738607112.2750194,-0.0,-0.09999999403953552,-0.0
1738607112.294342,-0.0,-0.09999999403953552,-0.0
1738607112.305151,-0.0,-0.09999999403953552,-0.0
1738607112.324092,-0.0,-0.09999999403953552,-0.0
1738607112.3350437,-0.0,-0.09999999403953552,-0.0
1738607112.3543267,-0.0,-0.09999999403953552,-0.0
1738607112.3654149,-0.0,-0.09999999403953552,-0.0
1738607112.375905,-0.0,-0.09999999403953552,-0.0
1738607112.3956141,-0.0,-0.09999999403953552,-0.0
1738607112.4066348,-0.0,-0.09999999403953552,-0.0
1738607112.4256344,-0.0,-0.09999999403953552,-0.0
1738607112.4361064,-0.0,-0.09999999403953552,-0.0
1738607112.4559112,-0.0,-0.09999999403953552,-0.0
1738607112.4769442,-0.0,-0.09999999403953552,-0.0
1738607112.4870756,-0.0,-0.09999999403953552,-0.0
1738607112.506628,-0.0,-0.09999999403953552,-0.0
1738607112.5169127,-0.0,-0.09999999403953552,-0.0
1738607112.5365314,-0.0,-0.09999999403953552,-0.0
1738607112.5471826,-0.0,-0.09999999403953552,-0.0
1738607112.5579653,-0.0,-0.09999999403953552,-0.0
1738607112.5775921,-0.0,-0.09999999403953552,-0.0
1738607112.588101,-0.0,-0.09999999403953552,-0.0
1738607112.6077194,-0.0,-0.09999999403953552,-0.0
1738607112.6181169,-0.0,-0.09999999403953552,-0.0
1738607112.634592,-0.0,-0.09999999403953552,-0.0
1738607112.6451929,-0.0,-0.09999999403953552,-0.0
1738607112.664647,-0.0,-0.09999999403953552,-0.0
1738607112.6753674,-0.0,-0.09999999403953552,-0.0
1738607112.6948104,-0.0,-0.09999999403953552,-0.0
1738607112.7055993,-0.0,-0.09999999403953552,-0.0
1738607112.7245378,-0.0,-0.09999999403953552,-0.0
1738607112.7452757,-0.0,-0.09999999403953552,-0.0
1738607112.7647624,-0.0,-0.09999999403953552,-0.0
1738607112.7755282,-0.0,-0.09999999403953552,-0.0
1738607112.7949061,-0.0,-0.09999999403953552,-0.0
1738607112.8055654,-0.0,-0.09999999403953552,-0.0
1738607112.816279,-0.0,-0.09999999403953552,-0.0
1738607112.8356626,-0.0,-0.09999999403953552,-0.0
1738607112.846311,-0.0,-0.09999999403953552,-0.0
1738607112.8582273,-0.0,-0.09999999403953552,-0.0
1738607112.8778145,-0.0,-0.09999999403953552,-0.0
1738607112.8885684,-0.0,-0.09999999403953552,-0.0
1738607112.8996933,-0.0,-0.09999999403953552,-0.0
1738607112.918855,-0.0,-0.09999999403953552,-0.0
1738607112.9292831,-0.0,-0.09999999403953552,-0.0
1738607112.9400604,-0.0,-0.09999999403953552,-0.0
1738607112.9561458,-0.0,-0.09999999403953552,-0.0
1738607112.9722073,-0.0,-0.09999999403953552,-0.0
1738607112.9920092,-0.0,-0.09999999403953552,-0.0
1738607113.0026016,-0.0,-0.09999999403953552,-0.0
1738607113.0177028,-0.0,-0.09999999403953552,-0.0
1738607113.02828,-0.0,-0.09999999403953552,-0.0
1738607113.0448394,-0.0,-0.09999999403953552,-0.0
1738607113.0573585,-0.0,-0.09999999403953552,-0.0
1738607113.073793,-0.0,-0.09999999403953552,-0.0
1738607113.0899377,-0.0,-0.09999999403953552,-0.0
1738607113.1060083,-0.0,-0.09999999403953552,-0.0
1738607113.121029,-0.0,-0.09999999403953552,-0.0
1738607113.1391966,-0.0,-0.09999999403953552,-0.0
1738607113.1532643,-0.0,-0.09999999403953552,-0.0
1738607113.1723087,-0.0,-0.09999999403953552,-0.0
1738607113.1835737,-0.0,-0.09999999403953552,-0.0
1738607113.1949396,-0.0,-0.09999999403953552,-0.0
1738607113.2123027,-0.0,-0.09999999403953552,-0.0
1738607113.2314436,-0.0,-0.09999999403953552,-0.0
1738607113.2445724,-0.0,-0.09999999403953552,-0.0
1738607113.255623,-0.0,-0.09999999403953552,-0.0
1738607113.2671936,-0.0,-0.09999999403953552,-0.0
1738607113.2874706,-0.0,-0.09999999403953552,-0.0
1738607113.3070178,-0.0,-0.09999999403953552,-0.0
1738607113.3176298,-0.0,-0.09999999403953552,-0.0
1738607113.331657,-0.0,-0.09999999403953552,-0.0
1738607113.3424768,-0.0,-0.09999999403953552,-0.0
1738607113.3620656,-0.0,-0.09999999403953552,-0.0
1738607113.372994,-0.0,-0.09999999403953552,-0.0
1738607113.3836865,-0.0,-0.09999999403953552,-0.0
1738607113.3952792,-0.0,-0.09999999403953552,-0.0
1738607113.4150198,-0.0,-0.09999999403953552,-0.0
1738607113.425226,-0.0,-0.09999999403953552,-0.0
1738607113.4450788,-0.0,-0.09999999403953552,-0.0
1738607113.4556205,-0.0,-0.09999999403953552,-0.0
1738607113.466675,-0.0,-0.09999999403953552,-0.0
1738607113.4856765,-0.0,-0.09999999403953552,-0.0
1738607113.4965625,-0.0,-0.09999999403953552,-0.0
1738607113.5158484,-0.0,-0.09999999403953552,-0.0
1738607113.5265105,-0.0,-0.09999999403953552,-0.0
1738607113.5459242,-0.0,-0.09999999403953552,-0.0
1738607113.5571702,-0.0,-0.09999999403953552,-0.0
1738607113.5674412,-0.0,-0.09999999403953552,-0.0
1738607113.5871372,-0.0,-0.09999999403953552,-0.0
1738607113.5978181,-0.0,-0.09999999403953552,-0.0
1738607113.6170468,-0.0,-0.09999999403953552,-0.0
1738607113.6276062,-0.0,-0.09999999403953552,-0.0
1738607113.6474948,-0.0,-0.09999999403953552,-0.0
1738607113.6578605,-0.0,-0.09999999403953552,-0.0
1738607113.668494,-0.0,-0.09999999403953552,-0.0
1738607113.687796,-0.0,-0.09999999403953552,-0.0
1738607113.6988,-0.0,-0.09999999403953552,-0.0
1738607113.7183208,-0.0,-0.09999999403953552,-0.0
1738607113.7280307,-0.0,-0.09999999403953552,-0.0
1738607113.7385893,-0.0,-0.09999999403953552,-0.0
1738607113.7495286,-0.0,-0.09999999403953552,-0.0
1738607113.7691588,-0.0,-0.09999999403953552,-0.0
1738607113.7897835,-0.0,-0.09999999403953552,-0.0
1738607113.8091264,-0.0,-0.09999999403953552,-0.0
1738607113.8197198,-0.0,-0.09999999403953552,-0.0
1738607113.8359673,-0.0,-0.09999999403953552,-0.0
1738607113.8463492,-0.0,-0.09999999403953552,-0.0
1738607113.8577142,-0.0,-0.09999999403953552,-0.0
1738607113.8779912,-0.0,-0.09999999403953552,-0.0
1738607113.8890083,-0.0,-0.09999999403953552,-0.0
1738607113.9081962,-0.0,-0.09999999403953552,-0.0
1738607113.9187164,-0.0,-0.09999999403953552,-0.0
1738607113.9378211,-0.0,-0.09999999403953552,-0.0
1738607113.9588284,-0.0,-0.09999999403953552,-0.0
1738607113.977747,-0.0,-0.09999999403953552,-0.0
1738607113.9891624,-0.0,-0.09999999403953552,-0.0
1738607114.0016706,-0.0,-0.09999999403953552,-0.0
1738607114.0217361,-0.0,-0.09999999403953552,-0.0
1738607114.0418305,-0.0,-0.09999999403953552,-0.0
1738607114.0611873,-0.0,-0.09999999403953552,-0.0
1738607114.07169,-0.0,-0.09999999403953552,-0.0
1738607114.0911355,-0.0,-0.09999999403953552,-0.0
1738607114.1016517,-0.0,-0.09999999403953552,-0.0
1738607114.1125724,-0.0,-0.09999999403953552,-0.0
1738607114.1317918,-0.0,-0.09999999403953552,-0.0
1738607114.1425407,-0.0,-0.09999999403953552,-0.0
1738607114.1612716,-0.0,-0.09999999403953552,-0.0
1738607114.171719,-0.0,-0.09999999403953552,-0.0
1738607114.1913414,-0.0,-0.09999999403953552,-0.0
1738607114.2019682,-0.0,-0.09999999403953552,-0.0
1738607114.2209754,-0.0,-0.09999999403953552,-0.0
1738607114.231879,-0.0,-0.09999999403953552,-0.0
1738607114.2426474,-0.0,-0.09999999403953552,-0.0
1738607114.2602553,-0.0,-0.09999999403953552,-0.0
1738607114.2708566,-0.0,-0.09999999403953552,-0.0
1738607114.2902162,-0.0,-0.09999999403953552,-0.0
1738607114.301005,-0.0,-0.09999999403953552,-0.0
1738607114.3201473,-0.0,-0.09999999403953552,-0.0
1738607114.3307104,-0.0,-0.09999999403953552,-0.0
1738607114.3416953,-0.0,-0.09999999403953552,-0.0
1738607114.3613324,-0.0,-0.09999999403953552,-0.0
1738607114.371789,-0.0,-0.09999999403953552,-0.0
1738607114.391444,-0.0,-0.09999999403953552,-0.0
1738607114.403049,-0.0,-0.09999999403953552,-0.0
1738607114.4140718,-0.0,-0.09999999403953552,-0.0
1738607114.4259236,-0.0,-0.09999999403953552,-0.0
1738607114.4425044,-0.0,-0.09999999403953552,-0.0
1738607114.4574554,-0.0,-0.09999999403953552,-0.0
1738607114.473437,-0.0,-0.09999999403953552,-0.0
1738607114.490583,-0.0,-0.09999999403953552,-0.0
1738607114.50552,-0.0,-0.09999999403953552,-0.0
1738607114.5240731,-0.0,-0.09999999403953552,-0.0
1738607114.5380733,-0.0,-0.09999999403953552,-0.0
1738607114.5592566,-0.0,-0.09999999403953552,-0.0
1738607114.569925,-0.0,-0.09999999403953552,-0.0
1738607114.5862277,-0.0,-0.09999999403953552,-0.0
1738607114.6054485,-0.0,-0.09999999403953552,-0.0
1738607114.625793,-0.0,-0.09999999403953552,-0.0
1738607114.6457195,-0.0,-0.09999999403953552,-0.0
1738607114.656263,-0.0,-0.09999999403953552,-0.0
1738607114.666828,-0.0,-0.09999999403953552,-0.0
1738607114.6865666,-0.0,-0.09999999403953552,-0.0
1738607114.6971352,-0.0,-0.09999999403953552,-0.0
1738607114.709339,-0.0,-0.09999999403953552,-0.0
1738607114.728365,-0.0,-0.09999999403953552,-0.0
1738607114.7489789,-0.0,-0.09999999403953552,-0.0
1738607114.7681878,-0.0,-0.09999999403953552,-0.0
1738607114.7791882,-0.0,-0.09999999403953552,-0.0
1738607114.798649,-0.0,-0.09999999403953552,-0.0
1738607114.8094513,-0.0,-0.09999999403953552,-0.0
1738607114.8209605,-0.0,-0.09999999403953552,-0.0
1738607114.8402762,-0.0,-0.09999999403953552,-0.0
1738607114.851292,-0.0,-0.09999999403953552,-0.0
1738607114.8618236,-0.0,-0.09999999403953552,-0.0
1738607114.881315,-0.0,-0.09999999403953552,-0.0
1738607114.8920822,-0.0,-0.09999999403953552,-0.0
1738607114.9114418,-0.0,-0.09999999403953552,-0.0
1738607114.9220817,-0.0,-0.09999999403953552,-0.0
1738607114.941508,-0.0,-0.09999999403953552,-0.0
1738607114.9523454,-0.0,-0.09999999403953552,-0.0
1738607114.9712522,-0.0,-0.09999999403953552,-0.0
1738607114.9823716,-0.0,-0.09999999403953552,-0.0
1738607114.993335,-0.0,-0.09999999403953552,-0.0
1738607115.0125747,-0.0,-0.09999999403953552,-0.0
1738607115.0233605,-0.0,-0.09999999403953552,-0.0
1738607115.042673,-0.0,-0.09999999403953552,-0.0
1738607115.053408,-0.0,-0.09999999403953552,-0.0
1738607115.0640035,-0.0,-0.09999999403953552,-0.0
1738607115.083552,-0.0,-0.09999999403953552,-0.0
1738607115.0945723,-0.0,-0.09999999403953552,-0.0
1738607115.1133676,-0.0,-0.09999999403953552,-0.0
1738607115.1244295,-0.0,-0.09999999403953552,-0.0
1738607115.1352742,-0.0,-0.09999999403953552,-0.0
1738607115.1545472,-0.0,-0.09999999403953552,-0.0
1738607115.165132,-0.0,-0.09999999403953552,-0.0
1738607115.1847453,-0.0,-0.09999999403953552,-0.0
1738607115.195421,-0.0,-0.09999999403953552,-0.0
1738607115.2060857,-0.0,-0.09999999403953552,-0.0
1738607115.2209914,-0.0,-0.09999999403953552,-0.0
1738607115.2402961,-0.0,-0.09999999403953552,-0.0
1738607115.2509897,-0.0,-0.09999999403953552,-0.0
1738607115.2709124,-0.0,-0.09999999403953552,-0.0
1738607115.2908766,-0.0,-0.09999999403953552,-0.0
1738607115.3010314,-0.0,-0.09999999403953552,-0.0
1738607115.3208854,-0.0,-0.09999999403953552,-0.0
1738607115.3410828,-0.0,-0.09999999403953552,-0.0
1738607115.3604627,-0.0,-0.09999999403953552,-0.0
1738607115.3713603,-0.0,-0.09999999403953552,-0.0
1738607115.390529,-0.0,-0.09999999403953552,-0.0
1738607115.401133,-0.0,-0.09999999403953552,-0.0
1738607115.4119427,-0.0,-0.09999999403953552,-0.0
1738607115.4256682,-0.0,-0.09999999403953552,-0.0
1738607115.4465232,-0.0,-0.09999999403953552,-0.0
1738607115.457016,-0.0,-0.09999999403953552,-0.0
1738607115.4766736,-0.0,-0.09999999403953552,-0.0
1738607115.4875169,-0.0,-0.09999999403953552,-0.0
1738607115.4984088,-0.0,-0.09999999403953552,-0.0
1738607115.5093071,-0.0,-0.09999999403953552,-0.0
1738607115.5219026,-0.0,-0.09999999403953552,-0.0
1738607115.5424767,-0.0,-0.09999999403953552,-0.0
1738607115.5534337,-0.0,-0.09999999403953552,-0.0
1738607115.5726528,-0.0,-0.09999999403953552,-0.0
1738607115.5838203,-0.0,-0.09999999403953552,-0.0
1738607115.6028168,-0.0,-0.09999999403953552,-0.0
1738607115.6131463,-0.0,-0.09999999403953552,-0.0
1738607115.625991,-0.0,-0.09999999403953552,-0.0
1738607115.645351,-0.0,-0.09999999403953552,-0.0
1738607115.6570048,-0.0,-0.09999999403953552,-0.0
1738607115.67587,-0.0,-0.09999999403953552,-0.0
1738607115.6866243,-0.0,-0.09999999403953552,-0.0
1738607115.6969817,-0.0,-0.09999999403953552,-0.0
1738607115.716935,-0.0,-0.09999999403953552,-0.0
1738607115.727116,-0.0,-0.09999999403953552,-0.0
1738607115.7468526,-0.0,-0.09999999403953552,-0.0
1738607115.7675114,-0.0,-0.09999999403953552,-0.0
1738607115.7863657,-0.0,-0.09999999403953552,-0.0
1738607115.7970579,-0.0,-0.09999999403953552,-0.0
1738607115.816896,-0.0,-0.09999999403953552,-0.0
1738607115.8271658,-0.0,-0.09999999403953552,-0.0
1738607115.8424823,-0.0,-0.09951170086860657,-0.0
1738607115.8503752,-0.0,-0.09936347007751466,-0.0
1738607115.861214,-0.0,-0.09936347007751466,-0.0
1738607115.874815,-0.0,-0.09900596737861633,-0.0
1738607115.8826802,-0.0,-0.0989667296409607,-0.0
1738607115.898848,-0.0,-0.09895800948143006,-0.0
1738607115.9091861,-0.0,-0.09895800948143006,-0.0
1738607115.928548,-0.0,-0.09895800948143006,-0.0
1738607115.9397676,-0.0,-0.09895800948143006,-0.0
1738607115.9460263,-0.0,-0.09858742356300354,-0.0
1738607115.9667678,-0.0,-0.09858742356300354,-0.0
1738607115.9774144,-0.0,-0.09858742356300354,-0.0
1738607115.9967299,-0.0,-0.09858742356300354,-0.0
1738607116.007503,-0.0,-0.09858742356300354,-0.0
1738607116.0184915,-0.0,-0.09854818582534791,-0.0
1738607116.0376742,-0.0,-0.09854818582534791,-0.0
1738607116.0485923,-0.0,-0.09854818582534791,-0.0
1738607116.0679026,-0.0,-0.09854818582534791,-0.0
1738607116.0786765,-0.0,-0.09854818582534791,-0.0
1738607116.089803,-0.0,-0.09854818582534791,-0.0
1738607116.1089892,-0.0,-0.09854818582534791,-0.0
1738607116.1193564,-0.0,-0.09854818582534791,-0.0
1738607116.1387537,-0.0,-0.09854818582534791,-0.0
1738607116.1580043,-0.0,-0.09854818582534791,-0.0
1738607116.1788602,-0.0,-0.09854818582534791,-0.0
1738607116.1891367,-0.0,-0.09854818582534791,-0.0
1738607116.209013,-0.0,-0.09854818582534791,-0.0
1738607116.2196736,-0.0,-0.09854818582534791,-0.0
1738607116.2388465,-0.0,-0.09854818582534791,-0.0
1738607116.2495255,-0.0,-0.09854818582534791,-0.0
1738607116.260722,-0.0,-0.09854818582534791,-0.0
1738607116.2798927,-0.0,-0.09854818582534791,-0.0
1738607116.290902,-0.0,-0.09854818582534791,-0.0
1738607116.310375,-0.0,-0.09854818582534791,-0.0
1738607116.3207493,-0.0,-0.09854818582534791,-0.0
1738607116.3311565,-0.0,-0.09854818582534791,-0.0
1738607116.3509607,-0.0,-0.09854818582534791,-0.0
1738607116.3616922,-0.0,-0.09854818582534791,-0.0
1738607116.3810015,-0.0,-0.09854818582534791,-0.0
1738607116.401584,-0.0,-0.09854818582534791,-0.0
1738607116.4209087,-0.0,-0.09854818582534791,-0.0
1738607116.4313629,-0.0,-0.09854818582534791,-0.0
1738607116.450965,-0.0,-0.09854818582534791,-0.0
1738607116.461816,-0.0,-0.09854818582534791,-0.0
1738607116.4806578,-0.0,-0.09854818582534791,-0.0
1738607116.4918008,-0.0,-0.09854818582534791,-0.0
1738607116.5108669,-0.0,-0.09854818582534791,-0.0
1738607116.5219107,-0.0,-0.09854818582534791,-0.0
1738607116.5323794,-0.0,-0.09854818582534791,-0.0
1738607116.5519812,-0.0,-0.09854818582534791,-0.0
1738607116.5628412,-0.0,-0.09854818582534791,-0.0
1738607116.581748,-0.0,-0.09854818582534791,-0.0
1738607116.5928996,-0.0,-0.09854818582534791,-0.0
1738607116.612178,-0.0,-0.09854818582534791,-0.0
1738607116.6226563,-0.0,-0.09854818582534791,-0.0
1738607116.6422,-0.0,-0.09854818582534791,-0.0
1738607116.652965,-0.0,-0.09854818582534791,-0.0
1738607116.663746,-0.0,-0.09854818582534791,-0.0
1738607116.6752462,-0.0,-0.09853946566581727,-0.0
1738607116.6960154,-0.0,-0.09853946566581727,-0.0
1738607116.709382,-0.0,-0.09853946566581727,-0.0
1738607116.7296596,-0.0,-0.09853946566581727,-0.0
1738607116.749256,-0.0,-0.09853946566581727,-0.0
1738607116.7692938,-0.0,-0.09853946566581727,-0.0
1738607116.7890117,-0.0,-0.09853946566581727,-0.0
1738607116.7999792,-0.0,-0.09853946566581727,-0.0
1738607116.8192923,-0.0,-0.09853946566581727,-0.0
1738607116.8295543,-0.0,-0.09853946566581727,-0.0
1738607116.8431013,-0.0,-0.09853946566581727,-0.0
1738607116.8631914,-0.0,-0.09853946566581727,-0.0
1738607116.8839326,-0.0,-0.09853946566581727,-0.0
1738607116.9030476,-0.0,-0.09853946566581727,-0.0
1738607116.9141495,-0.0,-0.09853946566581727,-0.0
1738607116.925358,-0.0,-0.09853946566581727,-0.0
1738607116.9451268,-0.0,-0.09853946566581727,-0.0
1738607116.9554393,-0.0,-0.09853946566581727,-0.0
1738607116.9709644,-0.0,-0.09816888570785523,-0.0
1738607116.990523,-0.0,-0.09816888570785523,-0.0
1738607117.010963,-0.0,-0.09816888570785523,-0.0
1738607117.0300584,-0.0,-0.09816888570785523,-0.0
1738607117.0411057,-0.0,-0.09816888570785523,-0.0
1738607117.0603023,-0.0,-0.09816888570785523,-0.0
1738607117.070924,-0.0,-0.09816888570785523,-0.0
1738607117.0817964,-0.0,-0.09816888570785523,-0.0
1738607117.0906084,-0.0,-0.09812529087066652,-0.0
1738607117.0990045,-0.0,-0.09811220765113832,-0.0
1738607117.1096828,-0.0,-0.09811220765113832,-0.0
1738607117.1290717,-0.0,-0.09811220765113832,-0.0
1738607117.1403213,-0.0,-0.09811220765113832,-0.0
1738607117.1582687,-0.0,-0.09811220765113832,-0.0
1738607117.168993,-0.0,-0.09811220765113832,-0.0
1738607117.1797512,-0.0,-0.09811220765113832,-0.0
1738607117.1993146,-0.0,-0.09811220765113832,-0.0
1738607117.2101223,-0.0,-0.09811220765113832,-0.0
1738607117.2289608,-0.0,-0.09811220765113832,-0.0
1738607117.2398624,-0.0,-0.09811220765113832,-0.0
1738607117.250649,-0.0,-0.09811220765113832,-0.0
1738607117.2699559,-0.0,-0.09811220765113832,-0.0
1738607117.280941,-0.0,-0.09811220765113832,-0.0
1738607117.3001862,-0.0,-0.09811220765113832,-0.0
1738607117.3108916,-0.0,-0.09811220765113832,-0.0
1738607117.3303509,-0.0,-0.09811220765113832,-0.0
1738607117.351164,-0.0,-0.09811220765113832,-0.0
1738607117.3706155,-0.0,-0.09811220765113832,-0.0
1738607117.3909895,-0.0,-0.09811220765113832,-0.0
1738607117.4103892,-0.0,-0.09811220765113832,-0.0
1738607117.4212198,-0.0,-0.09811220765113832,-0.0
1738607117.4317205,-0.0,-0.09811220765113832,-0.0
1738607117.451233,-0.0,-0.09811220765113832,-0.0
1738607117.4622166,-0.0,-0.09811220765113832,-0.0
1738607117.4728296,-0.0,-0.09811220765113832,-0.0
1738607117.4925013,-0.0,-0.09811220765113832,-0.0
1738607117.5028918,-0.0,-0.09811220765113832,-0.0
1738607117.5139136,-0.0,-0.09811220765113832,-0.0
1738607117.5331492,-0.0,-0.09811220765113832,-0.0
1738607117.5441754,-0.0,-0.09811220765113832,-0.0
1738607117.563633,-0.0,-0.09811220765113832,-0.0
1738607117.5742443,-0.0,-0.09811220765113832,-0.0
1738607117.584831,-0.0,-0.09811220765113832,-0.0
1738607117.6043522,-0.0,-0.09811220765113832,-0.0
1738607117.6156907,-0.0,-0.09811220765113832,-0.0
1738607117.6257603,-0.0,-0.09811220765113832,-0.0
1738607117.6454298,-0.0,-0.09811220765113832,-0.0
1738607117.6561491,-0.0,-0.09811220765113832,-0.0
1738607117.6752446,-0.0,-0.09811220765113832,-0.0
1738607117.6862032,-0.0,-0.09811220765113832,-0.0
1738607117.6970947,-0.0,-0.09811220765113832,-0.0
1738607117.7165854,-0.0,-0.09811220765113832,-0.0
1738607117.7266803,-0.0,-0.09811220765113832,-0.0
1738607117.746553,-0.0,-0.09811220765113832,-0.0
1738607117.7569184,-0.0,-0.09811220765113832,-0.0
1738607117.7761931,-0.0,-0.09811220765113832,-0.0
1738607117.7871253,-0.0,-0.09811220765113832,-0.0
1738607117.80671,-0.0,-0.09811220765113832,-0.0
1738607117.8174245,-0.0,-0.09811220765113832,-0.0
1738607117.8279483,-0.0,-0.09811220765113832,-0.0
1738607117.8473918,-0.0,-0.09811220765113832,-0.0
1738607117.8591783,-0.0,-0.09811220765113832,-0.0
1738607117.8701756,-0.0,-0.09811220765113832,-0.0
1738607117.8896835,-0.0,-0.09811220765113832,-0.0
1738607117.9099627,-0.0,-0.09811220765113832,-0.0
1738607117.929302,-0.0,-0.09811220765113832,-0.0
1738607117.9400923,-0.0,-0.09811220765113832,-0.0
1738607117.9596436,-0.0,-0.09811220765113832,-0.0
1738607117.9704525,-0.0,-0.09811220765113832,-0.0
1738607117.9899175,-0.0,-0.09811220765113832,-0.0
1738607118.0099177,-0.0,-0.09811220765113832,-0.0
1738607118.029353,-0.0,-0.09811220765113832,-0.0
1738607118.040334,-0.0,-0.09811220765113832,-0.0
1738607118.0597072,-0.0,-0.09811220765113832,-0.0
1738607118.070487,-0.0,-0.09811220765113832,-0.0
1738607118.0808883,-0.0,-0.09811220765113832,-0.0
1738607118.1006098,-0.0,-0.09811220765113832,-0.0
1738607118.111061,-0.0,-0.09811220765113832,-0.0
1738607118.130406,-0.0,-0.09811220765113832,-0.0
1738607118.1409512,-0.0,-0.09811220765113832,-0.0
1738607118.159315,-0.0,-0.09811220765113832,-0.0
1738607118.1698575,-0.0,-0.09811220765113832,-0.0
1738607118.18937,-0.0,-0.09811220765113832,-0.0
1738607118.2006977,-0.0,-0.09811220765113832,-0.0
1738607118.2108011,-0.0,-0.09811220765113832,-0.0
1738607118.2305796,-0.0,-0.09811220765113832,-0.0
1738607118.2411363,-0.0,-0.09811220765113832,-0.0
1738607118.2606874,-0.0,-0.09811220765113832,-0.0
1738607118.271565,-0.0,-0.09811220765113832,-0.0
1738607118.2822275,-0.0,-0.09811220765113832,-0.0
1738607118.3016264,-0.0,-0.09811220765113832,-0.0
1738607118.312583,-0.0,-0.09811220765113832,-0.0
1738607118.3315475,-0.0,-0.09811220765113832,-0.0
1738607118.3422456,-0.0,-0.09811220765113832,-0.0
1738607118.3617654,-0.0,-0.09811220765113832,-0.0
1738607118.3823237,-0.0,-0.09811220765113832,-0.0
1738607118.40166,-0.0,-0.09811220765113832,-0.0
1738607118.4124625,-0.0,-0.09811220765113832,-0.0
1738607118.4315917,-0.0,-0.09811220765113832,-0.0
1738607118.4523096,-0.0,-0.09811220765113832,-0.0
1738607118.471673,-0.0,-0.09811220765113832,-0.0
1738607118.4824057,-0.0,-0.09811220765113832,-0.0
1738607118.5019202,-0.0,-0.09811220765113832,-0.0
1738607118.522756,-0.0,-0.09811220765113832,-0.0
1738607118.5418456,-0.0,-0.09811220765113832,-0.0
1738607118.5525904,-0.0,-0.09811220765113832,-0.0
1738607118.5635219,-0.0,-0.09811220765113832,-0.0
1738607118.5828605,-0.0,-0.09811220765113832,-0.0
1738607118.5933537,-0.0,-0.09811220765113832,-0.0
1738607118.6128635,-0.0,-0.09811220765113832,-0.0
1738607118.623771,-0.0,-0.09811220765113832,-0.0
1738607118.6342602,-0.0,-0.09811220765113832,-0.0
1738607118.653765,-0.0,-0.09811220765113832,-0.0
1738607118.66413,-0.0,-0.09811220765113832,-0.0
1738607118.6838887,-0.0,-0.09811220765113832,-0.0
1738607118.6946414,-0.0,-0.09811220765113832,-0.0
1738607118.704957,-0.0,-0.09811220765113832,-0.0
1738607118.7257066,-0.0,-0.09811220765113832,-0.0
1738607118.736041,-0.0,-0.09811220765113832,-0.0
1738607118.7557886,-0.0,-0.09811220765113832,-0.0
1738607118.7662895,-0.0,-0.09811220765113832,-0.0
1738607118.7859337,-0.0,-0.09811220765113832,-0.0
1738607118.796924,-0.0,-0.09811220765113832,-0.0
1738607118.807407,-0.0,-0.09811220765113832,-0.0
1738607118.8263144,-0.0,-0.09811220765113832,-0.0
1738607118.8371992,-0.0,-0.09811220765113832,-0.0
1738607118.8581784,-0.0,-0.09811220765113832,-0.0
1738607118.8786535,-0.0,-0.09811220765113832,-0.0
1738607118.897938,-0.0,-0.09811220765113832,-0.0
1738607118.908685,-0.0,-0.09811220765113832,-0.0
1738607118.9193723,-0.0,-0.09811220765113832,-0.0
1738607118.939219,-0.0,-0.09811220765113832,-0.0
1738607118.9499185,-0.0,-0.09811220765113832,-0.0
1738607118.9604273,-0.0,-0.09811220765113832,-0.0
1738607118.979913,-0.0,-0.09811220765113832,-0.0
1738607118.9907436,-0.0,-0.09811220765113832,-0.0
1738607119.0100236,-0.0,-0.09811220765113832,-0.0
1738607119.020802,-0.0,-0.09811220765113832,-0.0
1738607119.031036,-0.0,-0.09811220765113832,-0.0
1738607119.0508053,-0.0,-0.09811220765113832,-0.0
1738607119.0616329,-0.0,-0.09811220765113832,-0.0
1738607119.080546,-0.0,-0.09811220765113832,-0.0
1738607119.0917463,-0.0,-0.09811220765113832,-0.0
1738607119.1111434,-0.0,-0.09811220765113832,-0.0
1738607119.1218045,-0.0,-0.09811220765113832,-0.0
1738607119.132475,-0.0,-0.09811220765113832,-0.0
1738607119.1508884,-0.0,-0.09811220765113832,-0.0
1738607119.1616676,-0.0,-0.09811220765113832,-0.0
1738607119.180791,-0.0,-0.09811220765113832,-0.0
1738607119.1918051,-0.0,-0.09811220765113832,-0.0
1738607119.211194,-0.0,-0.09811220765113832,-0.0
1738607119.2214034,-0.0,-0.09811220765113832,-0.0
1738607119.2321033,-0.0,-0.09811220765113832,-0.0
1738607119.251761,-0.0,-0.09811220765113832,-0.0
1738607119.2623265,-0.0,-0.09811220765113832,-0.0
1738607119.2816133,-0.0,-0.09811220765113832,-0.0
1738607119.292736,-0.0,-0.09811220765113832,-0.0
1738607119.312051,-0.0,-0.09811220765113832,-0.0
1738607119.322971,-0.0,-0.09811220765113832,-0.0
1738607119.3334975,-0.0,-0.09811220765113832,-0.0
1738607119.3530478,-0.0,-0.09811220765113832,-0.0
1738607119.3638585,-0.0,-0.09811220765113832,-0.0
1738607119.3831177,-0.0,-0.09811220765113832,-0.0
1738607119.393997,-0.0,-0.09811220765113832,-0.0
1738607119.404774,-0.0,-0.09811220765113832,-0.0
1738607119.4236438,-0.0,-0.09811220765113832,-0.0
1738607119.434554,-0.0,-0.09811220765113832,-0.0
1738607119.4546366,-0.0,-0.09811220765113832,-0.0
1738607119.4646282,-0.0,-0.09811220765113832,-0.0
1738607119.4756298,-0.0,-0.09811220765113832,-0.0
1738607119.4949145,-0.0,-0.09811220765113832,-0.0
1738607119.505787,-0.0,-0.09811220765113832,-0.0
1738607119.525232,-0.0,-0.09811220765113832,-0.0
1738607119.5357344,-0.0,-0.09811220765113832,-0.0
1738607119.5554252,-0.0,-0.09811220765113832,-0.0
1738607119.5756383,-0.0,-0.09811220765113832,-0.0
1738607119.5952318,-0.0,-0.09811220765113832,-0.0
1738607119.60549,-0.0,-0.09811220765113832,-0.0
1738607119.6252663,-0.0,-0.09811220765113832,-0.0
1738607119.635671,-0.0,-0.09811220765113832,-0.0
1738607119.6552367,-0.0,-0.09811220765113832,-0.0
1738607119.6660824,-0.0,-0.09811220765113832,-0.0
1738607119.6766605,-0.0,-0.09811220765113832,-0.0
1738607119.6971855,-0.0,-0.09811220765113832,-0.0
1738607119.707694,-0.0,-0.09811220765113832,-0.0
1738607119.7267532,-0.0,-0.09811220765113832,-0.0
1738607119.7378244,-0.0,-0.09811220765113832,-0.0
1738607119.7568674,-0.0,-0.09811220765113832,-0.0
1738607119.7681687,-0.0,-0.09811220765113832,-0.0
1738607119.77887,-0.0,-0.09811220765113832,-0.0
1738607119.798004,-0.0,-0.09811220765113832,-0.0
1738607119.8090582,-0.0,-0.09811220765113832,-0.0
1738607119.8278716,-0.0,-0.09811220765113832,-0.0
1738607119.8387094,-0.0,-0.09811220765113832,-0.0
1738607119.8497293,-0.0,-0.09811220765113832,-0.0
1738607119.860251,-0.0,-0.09811220765113832,-0.0
1738607119.8810098,-0.0,-0.09811220765113832,-0.0
1738607119.9002175,-0.0,-0.09811220765113832,-0.0
1738607119.9109256,-0.0,-0.09811220765113832,-0.0
1738607119.9302745,-0.0,-0.09811220765113832,-0.0
1738607119.9409401,-0.0,-0.09811220765113832,-0.0
1738607119.9606876,-0.0,-0.09811220765113832,-0.0
1738607119.971176,-0.0,-0.09811220765113832,-0.0
1738607119.9815273,-0.0,-0.09811220765113832,-0.0
1738607120.0012095,-0.0,-0.09811220765113832,-0.0
1738607120.0121171,-0.0,-0.09811220765113832,-0.0
1738607120.031221,-0.0,-0.09811220765113832,-0.0
1738607120.0521138,-0.0,-0.09811220765113832,-0.0
1738607120.0712955,-0.0,-0.09811220765113832,-0.0
1738607120.0818665,-0.0,-0.09811220765113832,-0.0
1738607120.0928843,-0.0,-0.09811220765113832,-0.0
1738607120.1121027,-0.0,-0.09811220765113832,-0.0
1738607120.1228497,-0.0,-0.09811220765113832,-0.0
1738607120.1423395,-0.0,-0.09811220765113832,-0.0
1738607120.161253,-0.0,-0.09811220765113832,-0.0
1738607120.1816573,-0.0,-0.09811220765113832,-0.0
1738607120.2008405,-0.0,-0.09811220765113832,-0.0
1738607120.2115734,-0.0,-0.09811220765113832,-0.0
1738607120.2308779,-0.0,-0.09811220765113832,-0.0
1738607120.2418003,-0.0,-0.09811220765113832,-0.0
1738607120.2613862,-0.0,-0.09811220765113832,-0.0
1738607120.2819657,-0.0,-0.09811220765113832,-0.0
1738607120.3013399,-0.0,-0.09811220765113832,-0.0
1738607120.3123257,-0.0,-0.09811220765113832,-0.0
1738607120.3313203,-0.0,-0.09811220765113832,-0.0
1738607120.3424978,-0.0,-0.09811220765113832,-0.0
1738607120.3531237,-0.0,-0.09811220765113832,-0.0
1738607120.3721695,-0.0,-0.09811220765113832,-0.0
1738607120.382956,-0.0,-0.09811220765113832,-0.0
1738607120.4026442,-0.0,-0.09811220765113832,-0.0
1738607120.4131207,-0.0,-0.09811220765113832,-0.0
1738607120.4324124,-0.0,-0.09811220765113832,-0.0
1738607120.4431088,-0.0,-0.09811220765113832,-0.0
1738607120.4539137,-0.0,-0.09811220765113832,-0.0
1738607120.473555,-0.0,-0.09811220765113832,-0.0
1738607120.4941137,-0.0,-0.09811220765113832,-0.0
1738607120.5135298,-0.0,-0.09811220765113832,-0.0
1738607120.5340912,-0.0,-0.09811220765113832,-0.0
1738607120.5446959,-0.0,-0.09811220765113832,-0.0
1738607120.5643487,-0.0,-0.09811220765113832,-0.0
1738607120.5752287,-0.0,-0.09811220765113832,-0.0
1738607120.5946703,-0.0,-0.09811220765113832,-0.0
1738607120.6047733,-0.0,-0.09811220765113832,-0.0
1738607120.62533,-0.0,-0.09811220765113832,-0.0
1738607120.6358707,-0.0,-0.09811220765113832,-0.0
1738607120.655588,-0.0,-0.09811220765113832,-0.0
1738607120.6661549,-0.0,-0.09811220765113832,-0.0
1738607120.677147,-0.0,-0.09811220765113832,-0.0
1738607120.6965456,-0.0,-0.09811220765113832,-0.0
1738607120.706996,-0.0,-0.09811220765113832,-0.0
1738607120.7262797,-0.0,-0.09811220765113832,-0.0
1738607120.7369533,-0.0,-0.09811220765113832,-0.0
1738607120.7478054,-0.0,-0.09811220765113832,-0.0
1738607120.767372,-0.0,-0.09811220765113832,-0.0
1738607120.778458,-0.0,-0.09811220765113832,-0.0
1738607120.7976222,-0.0,-0.09811220765113832,-0.0
1738607120.8085268,-0.0,-0.09811220765113832,-0.0
1738607120.8272445,-0.0,-0.09811220765113832,-0.0
1738607120.8384414,-0.0,-0.09811220765113832,-0.0
1738607120.8488052,-0.0,-0.09811220765113832,-0.0
1738607120.859515,-0.0,-0.09811220765113832,-0.0
1738607120.8800538,-0.0,-0.09811220765113832,-0.0
1738607120.8997152,-0.0,-0.09811220765113832,-0.0
1738607120.910491,-0.0,-0.09811220765113832,-0.0
1738607120.9210122,-0.0,-0.09811220765113832,-0.0
1738607120.940279,-0.0,-0.09811220765113832,-0.0
1738607120.9512317,-0.0,-0.09811220765113832,-0.0
1738607120.9707541,-0.0,-0.09811220765113832,-0.0
1738607120.9909945,-0.0,-0.09811220765113832,-0.0
1738607121.0116656,-0.0,-0.09811220765113832,-0.0
1738607121.0222769,-0.0,-0.09811220765113832,-0.0
1738607121.0412552,-0.0,-0.09811220765113832,-0.0
1738607121.0520103,-0.0,-0.09811220765113832,-0.0
1738607121.0717793,-0.0,-0.09811220765113832,-0.0
1738607121.0821657,-0.0,-0.09811220765113832,-0.0
1738607121.093195,-0.0,-0.09811220765113832,-0.0
1738607121.1127403,-0.0,-0.09811220765113832,-0.0
1738607121.123099,-0.0,-0.09811220765113832,-0.0
1738607121.134101,-0.0,-0.09811220765113832,-0.0
1738607121.1525922,-0.0,-0.09811220765113832,-0.0
1738607121.1633787,-0.0,-0.09811220765113832,-0.0
1738607121.1739507,-0.0,-0.09811220765113832,-0.0
1738607121.1937246,-0.0,-0.09811220765113832,-0.0
1738607121.2044127,-0.0,-0.09811220765113832,-0.0
1738607121.215181,-0.0,-0.09811220765113832,-0.0
1738607121.2345233,-0.0,-0.09811220765113832,-0.0
1738607121.2556489,-0.0,-0.09811220765113832,-0.0
1738607121.2666051,-0.0,-0.09811220765113832,-0.0
1738607121.2854173,-0.0,-0.09811220765113832,-0.0
1738607121.2958686,-0.0,-0.09811220765113832,-0.0
1738607121.3153055,-0.0,-0.09811220765113832,-0.0
1738607121.3260608,-0.0,-0.09811220765113832,-0.0
1738607121.345848,-0.0,-0.09811220765113832,-0.0
1738607121.356629,-0.0,-0.09811220765113832,-0.0
1738607121.3674395,-0.0,-0.09811220765113832,-0.0
1738607121.3776515,-0.0,-0.09811220765113832,-0.0
1738607121.3966475,-0.0,-0.09811220765113832,-0.0
1738607121.407293,-0.0,-0.09811220765113832,-0.0
1738607121.4179184,-0.0,-0.09811220765113832,-0.0
1738607121.4377005,-0.0,-0.09811220765113832,-0.0
1738607121.448183,-0.0,-0.09811220765113832,-0.0
1738607121.4676626,-0.0,-0.09811220765113832,-0.0
1738607121.4782202,-0.0,-0.09811220765113832,-0.0
1738607121.49784,-0.0,-0.09811220765113832,-0.0
1738607121.5086272,-0.0,-0.09811220765113832,-0.0
1738607121.5273147,-0.0,-0.09811220765113832,-0.0
1738607121.5383527,-0.0,-0.09811220765113832,-0.0
1738607121.5582435,-0.0,-0.09811220765113832,-0.0
1738607121.5682094,-0.0,-0.09811220765113832,-0.0
1738607121.5791347,-0.0,-0.09811220765113832,-0.0
1738607121.5987127,-0.0,-0.09811220765113832,-0.0
1738607121.609426,-0.0,-0.09811220765113832,-0.0
1738607121.6285284,-0.0,-0.09811220765113832,-0.0
1738607121.6392565,-0.0,-0.09811220765113832,-0.0
1738607121.6500053,-0.0,-0.09811220765113832,-0.0
1738607121.6693604,-0.0,-0.09811220765113832,-0.0
1738607121.6804101,-0.0,-0.09811220765113832,-0.0
1738607121.6995814,-0.0,-0.09811220765113832,-0.0
1738607121.7203012,-0.0,-0.09811220765113832,-0.0
1738607121.7394836,-0.0,-0.09811220765113832,-0.0
1738607121.750323,-0.0,-0.09811220765113832,-0.0
1738607121.76983,-0.0,-0.09811220765113832,-0.0
1738607121.780663,-0.0,-0.09811220765113832,-0.0
1738607121.7918384,-0.0,-0.09811220765113832,-0.0
1738607121.8107202,-0.0,-0.09811220765113832,-0.0
1738607121.8220804,-0.0,-0.09811220765113832,-0.0
1738607121.8321745,-0.0,-0.09811220765113832,-0.0
1738607121.8515735,-0.0,-0.09811220765113832,-0.0
1738607121.8635042,-0.0,-0.09811220765113832,-0.0
1738607121.8829386,-0.0,-0.09811220765113832,-0.0
1738607121.9033363,-0.0,-0.09811220765113832,-0.0
1738607121.9228442,-0.0,-0.09811220765113832,-0.0
1738607121.933407,-0.0,-0.09811220765113832,-0.0
1738607121.9529767,-0.0,-0.09811220765113832,-0.0
1738607121.9736855,-0.0,-0.09811220765113832,-0.0
1738607121.9932783,-0.0,-0.09811220765113832,-0.0
1738607122.0035634,-0.0,-0.09811220765113832,-0.0
1738607122.0232685,-0.0,-0.09811220765113832,-0.0
1738607122.033665,-0.0,-0.09811220765113832,-0.0
1738607122.0443394,-0.0,-0.09811220765113832,-0.0
1738607122.0640757,-0.0,-0.09811220765113832,-0.0
1738607122.0744925,-0.0,-0.09811220765113832,-0.0
1738607122.0854518,-0.0,-0.09811220765113832,-0.0
1738607122.1048818,-0.0,-0.09811220765113832,-0.0
1738607122.1157346,-0.0,-0.09811220765113832,-0.0
1738607122.1262448,-0.0,-0.09811220765113832,-0.0
1738607122.1459827,-0.0,-0.09811220765113832,-0.0
1738607122.1565282,-0.0,-0.09811220765113832,-0.0
1738607122.1759925,-0.0,-0.09811220765113832,-0.0
1738607122.1864333,-0.0,-0.09811220765113832,-0.0
1738607122.205982,-0.0,-0.09811220765113832,-0.0
1738607122.2165403,-0.0,-0.09811220765113832,-0.0
1738607122.2271202,-0.0,-0.09811220765113832,-0.0
1738607122.2470753,-0.0,-0.09811220765113832,-0.0
1738607122.2575765,-0.0,-0.09811220765113832,-0.0
1738607122.277038,-0.0,-0.09811220765113832,-0.0
1738607122.2878351,-0.0,-0.09811220765113832,-0.0
1738607122.3072138,-0.0,-0.09811220765113832,-0.0
1738607122.3179765,-0.0,-0.09811220765113832,-0.0
1738607122.3370686,-0.0,-0.09811220765113832,-0.0
1738607122.3575048,-0.0,-0.09811220765113832,-0.0
1738607122.3771946,-0.0,-0.09811220765113832,-0.0
1738607122.3871944,-0.0,-0.09811220765113832,-0.0
1738607122.3982296,-0.0,-0.09811220765113832,-0.0
1738607122.4082048,-0.0,-0.09811220765113832,-0.0
1738607122.4275627,-0.0,-0.09811220765113832,-0.0
1738607122.4385836,-0.0,-0.09811220765113832,-0.0
1738607122.4581413,-0.0,-0.09811220765113832,-0.0
1738607122.468833,-0.0,-0.09811220765113832,-0.0
1738607122.4879498,-0.0,-0.09811220765113832,-0.0
1738607122.4985526,-0.0,-0.09811220765113832,-0.0
1738607122.5182595,-0.0,-0.09811220765113832,-0.0
1738607122.528622,-0.0,-0.09811220765113832,-0.0
1738607122.5396798,-0.0,-0.09811220765113832,-0.0
1738607122.5591667,-0.0,-0.09811220765113832,-0.0
1738607122.5700564,-0.0,-0.09811220765113832,-0.0
1738607122.5896413,-0.0,-0.09811220765113832,-0.0
1738607122.6098218,-0.0,-0.09811220765113832,-0.0
1738607122.6287234,-0.0,-0.09811220765113832,-0.0
1738607122.6395042,-0.0,-0.09811220765113832,-0.0
1738607122.659188,-0.0,-0.09811220765113832,-0.0
1738607122.6696136,-0.0,-0.09811220765113832,-0.0
1738607122.6806078,-0.0,-0.09811220765113832,-0.0
1738607122.6999292,-0.0,-0.09811220765113832,-0.0
1738607122.7110498,-0.0,-0.09811220765113832,-0.0
1738607122.7299871,-0.0,-0.09811220765113832,-0.0
1738607122.7509344,-0.0,-0.09811220765113832,-0.0
1738607122.7700894,-0.0,-0.09811220765113832,-0.0
1738607122.7809026,-0.0,-0.09811220765113832,-0.0
1738607122.8000584,-0.0,-0.09811220765113832,-0.0
1738607122.8111157,-0.0,-0.09811220765113832,-0.0
1738607122.8217144,-0.0,-0.09811220765113832,-0.0
1738607122.8409224,-0.0,-0.09811220765113832,-0.0
1738607122.851827,-0.0,-0.09811220765113832,-0.0
1738607122.8628194,-0.0,-0.09811220765113832,-0.0
1738607122.87307,-0.0,-0.09811220765113832,-0.0
1738607122.8922734,-0.0,-0.09811220765113832,-0.0
1738607122.9028366,-0.0,-0.09811220765113832,-0.0
1738607122.922178,-0.0,-0.09811220765113832,-0.0
1738607122.9326875,-0.0,-0.09811220765113832,-0.0
1738607122.9521375,-0.0,-0.09811220765113832,-0.0
1738607122.972953,-0.0,-0.09811220765113832,-0.0
1738607122.9924192,-0.0,-0.09811220765113832,-0.0
1738607123.0130944,-0.0,-0.09811220765113832,-0.0
1738607123.0321715,-0.0,-0.09811220765113832,-0.0
1738607123.052903,-0.0,-0.09811220765113832,-0.0
1738607123.0725632,-0.0,-0.09811220765113832,-0.0
1738607123.0930927,-0.0,-0.09811220765113832,-0.0
1738607123.1122756,-0.0,-0.09811220765113832,-0.0
1738607123.1231744,-0.0,-0.09811220765113832,-0.0
1738607123.1411014,-0.0,-0.09811220765113832,-0.0
1738607123.1486664,-0.0,-0.09999999403953552,-0.0
1738607123.1648262,0.0,0.0,0.0
